english;Spanish
Word;Palabra
the;la
of;de
and;y
to;a
in;en
i;I
that;ese
was;estaba
his;su
he;‚l
it;eso
with;con
is;es
for;por
as;como
had;ten¡a
you;usted
not;no
be;ser
her;su
on;en
at;a
by;por
which;cuales
have;tengo
or;o
from;desde
this;esta
him;‚l
but;pero
all;todos
she;ella
they;ellos
were;fueron
my;mi
are;son
me;me
one;uno
their;su
so;asi que
an;un
said;dicho
them;ellos
we;nosotros
who;qui‚n
would;har¡a
been;estado
will;ser 
no;No
when;cuando
there;all¡
if;si
more;m s
out;fuera
up;hasta
into;en
do;hacer
any;alguna
your;tu
what;qu‚
has;posee
man;hombre
could;pudo
other;otro
than;que
our;Ntro
some;algunos
very;muy
time;hora
upon;sobre
about;sobre
may;mayo
its;su
only;solamente
now;ahora
like;me gusta
little;poco
then;entonces
can;lata
should;deber¡a
made;hecho
did;hizo
us;nosotros
such;semejante
a;a
great;estupendo
before;antes de
must;deber
two;dos
these;estos
see;ver
know;saber
over;sobre
much;mucho
down;abajo
after;despu‚s
first;primero
Mr;se¤or
good;bien
men;hombres
own;propio
never;nunca
most;m s
old;viejo
shall;deber 
day;d¡a
where;d¢nde
those;aquellos
came;lleg¢
come;venir
himself;‚l mismo
way;camino
work;trabaja
life;vida
without;sin que
go;Vamos
make;hacer
well;bien
through;a trav‚s de
being;siendo
long;largo
say;decir
might;podr¡a
how;c¢mo
am;soy
too;tambi‚n
even;incluso
def;def
again;otra vez
many;muchos
back;espalda
here;aqu¡
think;pensar
every;cada
people;gente
went;fue
same;mismo
last;£ltimo
thought;pensamiento
away;lejos
under;debajo
take;llevar
found;encontr¢
hand;mano
eyes;ojos
still;todav¡a
place;sitio
while;mientras
just;solo
also;adem s
young;joven
yet;todav¡a
though;aunque
against;contra
things;cosas
get;obtener
ever;alguna vez
give;dar
god;Dios
years;a¤os
off;apagado
face;rostro
nothing;nada
right;derecho
once;una vez
another;otro
left;izquierda
part;parte
saw;Sierra
house;casa
world;mundo
head;cabeza
three;Tres
took;cog¡
new;nuevo
love;amor
always;siempre
Mrs;Sra
put;poner
night;noche
each;cada
king;Rey
between;Entre
tell;contar
mind;mente
heart;coraz¢n
few;pocos
because;porque
thing;cosa
whom;qui‚n
far;lejos
seemed;pareci¢
looked;mir¢
called;llamado
whole;todo
de;Delaware
set;colocar
both;ambos
got;tiene
find;encontrar
done;hecho
heard;Escuch¢
look;Mira
name;nombre
days;dias
told;dijo
let;dejar
lord;se¤or
country;pa¡s
asked;pregunt¢
going;yendo
seen;visto
better;mejor
p;pag
having;teniendo
home;hogar
knew;supo
side;lado
something;algo
moment;momento
father;padre
among;entre
course;curso
hands;las manos
woman;mujer
enough;suficiente
words;palabras
mother;madre
soon;pronto
full;lleno
end;fin
gave;dio
room;habitaci¢n
almost;casi
small;peque¤o
thou;t£
cannot;no puedo
water;agua
want;querer
however;sin embargo
light;ligero
quite;bastante
brought;trajo
nor;ni
word;palabra
whose;cuyo
given;dado
door;puerta
best;mejor
turned;transformado
taken;tomado
does;hace
use;usar
morning;Ma¤ana
myself;yo mismo
Gutenberg;Gutenberg
felt;sinti¢
until;hasta
since;ya que
power;poder
themselves;ellos mismos
used;usado
rather;bastante
began;empez¢
present;regalo
voice;voz
others;otros
white;blanco
works;trabajos
less;menos
money;dinero
next;pr¢ximo
poor;pobre
death;muerte
stood;permaneci¢
form;formulario
within;dentro de
together;juntos
till;hasta que
thy;tu
large;grande
matter;importar
kind;tipo
often;a menudo
certain;cierto
herself;s¡ misma
year;a¤o
friend;amigo
half;mitad
order;orden
round;redondo
true;CIERTO
anything;cualquier cosa
keep;mantener
sent;enviado
wife;esposa
means;medio
believe;creer
passed;aprobado
feet;pies
near;cerca
public;p£blico
state;Expresar
son;hijo
hundred;centenar
children;ni¤os
thus;por lo tanto
hope;esperanza
alone;solo
above;sobre
case;caso
dear;Estimado
thee;El e
says;dice
person;persona
high;alto
read;leer
city;ciudad
already;ya
received;recibi¢
fact;hecho
gone;desaparecido
girl;muchacha
known;conocido
hear;o¡r
times;veces
least;menos
perhaps;quiz s
sure;Por supuesto
indeed;Por supuesto
english;ingl‚s
open;abierto
body;cuerpo
itself;s¡ mismo
along;a lo largo de
land;tierra
return;regreso
leave;salir
air;aire
nature;naturaleza
answered;respondido
either;cualquiera
law;ley
help;ayuda
lay;poner
point;punto
child;ni¤o
letter;letra
four;cuatro
wish;deseo
fire;fuego
cried;llorado
2;2
women;mujeres
speak;hablar
number;n£mero
therefore;por lo tanto
hour;hora
friends;amigos
held;sostuvo
free;libre
war;guerra
during;durante
several;varios
business;negocio
whether;ya sea
er;er
manner;manera
second;segundo
reason;raz¢n
replied;respondido
united;Unido
call;llamada
general;general
why;por qu‚
behind;detr s
became;se convirti¢
john;John
become;volverse
dead;muerto
earth;tierra
boy;ni¤o
lost;perdi¢
forth;adelante
thousand;mil
looking;mirando
I'll;voy a
family;familia
soul;alma
feel;sentir
coming;pr¢ximo
England;Inglaterra
spirit;esp¡ritu
question;pregunta
care;cuidado
truth;verdad
ground;suelo
really;De Verdad
rest;descanso
mean;significar
different;diferente
making;haciendo
possible;posible
fell;cay¢
towards;hacia
human;humano
kept;conserv¢
short;peque¤o
town;pueblo
following;siguiente
need;necesitar
cause;causa
met;reuni¢
evening;noche
returned;devuelto
five;cinco
strong;fuerte
able;capaz
french;franc‚s
live;En Vivo
lady;dama
subject;sujeto
sn;sn
answer;responder
sea;mar
fear;miedo
understand;comprender
hard;dif¡cil
terms;condiciones
doubt;duda
around;alrededor
ask;pedir
arms;brazos
turn;vuelta
sense;sentido
seems;parece
black;negro
bring;traer
followed;seguido
beautiful;hermosa
close;cerrar
dark;oscuro
hold;sostener
character;personaje
sort;clasificar
sight;vista
ten;diez
show;show
party;partido
fine;multa
ye;S.M
ready;Listo
story;historia
common;com£n
book;libro
electronic;electr¢nico
talk;hablar
account;cuenta
mark;Marcos
interest;interesar
written;escrito
can't;hipocres¡a
bed;cama
necessary;necesario
age;edad
else;dem s
force;fuerza
idea;idea
longer;m s extenso
art;Arte
spoke;habl¢
across;al otro lado de
brother;hermano
early;temprano
ought;deber¡a
sometimes;algunas veces
line;l¡nea
saying;dicho
table;mesa
appeared;aparecido
river;r¡o
continued;continuado
eye;ojo
ety;ETY
sun;sol
information;informaci¢n
later;m s tarde
everything;todo
reached;alcanz¢
suddenly;repentinamente
past;pasado
hours;horas
strange;extra¤o
deep;profundo
change;cambio
miles;millas
feeling;sentimiento
act;Actuar
meet;encontrarse
paid;pagado
further;m s lejos
purpose;objetivo
happy;contento
added;adicional
seem;parecer
taking;tomando
blood;sangre
rose;Rosa
south;Sur
beyond;m s all  de
cold;fr¡o
neither;ninguno de los dos
forward;hacia adelante
view;vista
I've;He
position;posici¢n
sound;sonido
none;ninguno
entered;ingres¢
clear;claro
road;la carretera
late;tarde
stand;estar
suppose;suponer
la;la
daughter;hija
real;verdadero
nearly;por poco
mine;m¡a
laws;leyes
knowledge;conocimiento
comes;llega
toward;hacia
bad;malo
cut;Corte
copy;Copiar
husband;marido
six;seis
France;Francia
living;viviendo
peace;paz
didn't;no lo hizo
low;bajo
north;norte
remember;recuerda
effect;efecto
natural;natural
pretty;bonita
fall;oto¤o
fair;justa
service;Servicio
below;debajo
except;excepto
American;americano
hair;pelo
London;Londres
laid;establecido
pass;pasar
led;LED
copyright;derechos de autor
doing;haciendo
army;Ej‚rcito
run;correr
horse;caballo
future;futuro
opened;abri¢
pleasure;Placer
history;historia
west;oeste
pay;pagar
red;rojo
an';un'
4;4
hath;hath
note;Nota
although;aunque
wanted;querido
gold;oro
makes;hace
desire;deseo
play;tocar
master;Maestro
office;oficina
tried;intentado
front;parte delantera
big;grande
Dr;Dr
lived;vivi¢
certainly;ciertamente
wind;viento
receive;recibir
attention;atenci¢n
government;Gobierno
unto;hasta
church;Iglesia
strength;fuerza
length;largo
company;empresa
placed;metido
paper;papel
letters;letras
probably;probablemente
glad;contento
important;importante
especially;especialmente
greater;mayor que
yourself;t£ mismo
fellow;compa¤ero
bear;soportar
opinion;opini¢n
window;ventana
ran;corri¢
faith;fe
ago;atr s
agreement;convenio
charge;cargo
beauty;belleza
lips;labios
remained;se mantuvo
arm;brazo
latter;£ltimo
duty;deber
send;enviar
distance;distancia
silence;silencio
foot;pie
wild;salvaje
object;objeto
die;morir
save;salvar
gentleman;Caballero
trees; rboles
green;verde
trouble;problema
smile;sonre¡r
books;libros
wrong;equivocado
various;varios
sleep;dormir
persons;personas
blockquote;blockquote
happened;sucedi¢
particular;especial
drew;dibuj¢
minutes;minutos
hardly;dif¡cilmente
walked;camin¢
chief;jefe
chance;oportunidad
according;seg£n
beginning;comenzando
action;acci¢n
deal;negocio
loved;amado
visit;visitar
thinking;pensando
follow;seguir
standing;de pie
knows;sabe
try;tratar
presence;presencia
heavy;pesado
sweet;dulce
plain;llanura
donations;donaciones
immediately;inmediatamente
wrote;escribi¢
mouth;boca
rich;Rico
thoughts;pensamientos
months;meses
u;u
won't;no lo har 
afraid;temeroso
Paris;Par¡s
single;£nico
joy;alegr¡a
enemy;enemigo
broken;roto
unless;a no ser que
states;estados
ship;Embarcacion
condition;condici¢n
carry;llevar
exclaimed;-exclam¢
including;incluso
filled;lleno
seeing;vidente
influence;influencia
write;escribir
boys;Ni¤os
appear;aparecer
outside;afuera
secret;secreto
parts;partes
please;por favor
appearance;apariencia
evil;maldad
march;marzo
George;Jorge
whatever;lo que
slowly;despacio
tears;l grimas
horses;caballos
places;lugares
caught;atrap¢
stay;Qu‚date
instead;en lugar de
struck;golpeado
blue;azul
York;York
impossible;imposible
period;per¡odo
sister;hermana
battle;batalla
school;colegio
Mary;Mar¡a
raised;elevado
occasion;ocasi¢n
married;casado
man's;del hombre
former;anterior
food;comida
youth;juventud
learned;aprendi¢
merely;simplemente
reach;llegar
system;sistema
twenty;veinte
dinner;cena
quiet;tranquilo
easily;f cilmente
moved;movido
afterwards;despu‚s
giving;donaci¢n
walk;caminar
stopped;interrumpido
laughed;Se ri¢
language;idioma
expression;expresi¢n
week;semana
hall;sal¢n
danger;peligro
property;propiedad
wonder;preguntarse
usual;usual
figure;figura
born;nacido
court;Tribunal
generally;en general
grew;creci¢
showed;presentado
getting;consiguiendo
ancient;antiguo
respect;el respeto
third;tercera
worth;valor
simple;sencillo
tree; rbol
leaving;dejando
remain;permanecer
society;sociedad
fight;lucha
wall;pared
result;resultado
heaven;cielo
William;Guillermo
started;empezado
command;mando
tone;tono
regard;respecto
expected;previsto
mere;mero
month;mes
beside;junto a
silent;silencio
perfect;Perfecto
experience;experiencia
street;calle
writing;escribiendo
goes;va
circumstances;circunstancias
entirely;enteramente
fresh;Fresco
duke;duque
covered;cubierto
bound;atado
east;este
wood;madera
stone;piedra
quickly;con rapidez
notice;darse cuenta
bright;brillante
Christ;Cristo
boat;bote
noble;noble
meant;quiso decir
somewhat;un poco
sudden;repentino
value;valor
c.;C.
direction;direcci¢n
chair;silla
due;debido
support;apoyo
tom;Tom s
date;fecha
waiting;espera
Christian;cristiano
village;pueblo
lives;vidas
reading;leyendo
agree;estar de acuerdo
lines;l¡neas
considered;considerado
field;campo
observed;observado
scarcely;apenas
wished;deseado
wait;Espere
greatest;mayor
permission;permiso
success;‚xito
piece;pedazo
British;brit nico
ex;ex
Charles;Charles
formed;formado
speaking;discurso
trying;dif¡cil
conversation;conversacion
proper;adecuado
hill;Cerro
music;m£sica
opportunity;oportunidad
that's;ese es
German;alem n
afternoon;tarde
cry;llorar
cost;costo
allowed;permitido
girls;muchachas
considerable;considerable
c;C
broke;en bancarrota
honour;honor
seven;Siete
private;privado
sit;sentarse
news;noticias
top;cima
scene;escena
discovered;descubierto
marriage;matrimonio
step;paso
garden;jard¡n
race;raza
begin;comenzar
per;por
individual;individual
sitting;sesi¢n
learn;aprender
political;pol¡tico
difficult;dif¡cil
bit;un poco
speech;habla
Henry;Enrique
lie;mentir
cast;emitir
eat;comer
authority;autoridad
etc.;etc‚tera
floor;suelo
ill;enfermo
ways;maneras
officers;oficiales
offered;Ofrecido
original;original
happiness;felicidad
flowers;flores
produced;producido
summer;el verano
provide;proveer
study;estudio
religion;religi¢n
picture;fotograf¡a
walls;paredes
personal;personal
America;America
watch;reloj
pleased;satisfecho
leaves;sale de
declared;declarado
hot;caliente
understood;comprendido
effort;esfuerzo
prepared;preparado
escape;escapar
attempt;intento
supposed;supuesto
killed;delicado
fast;r pido
author;autor
Indian;indio
brown;marr¢n
determined;determinado
pain;dolor
spring;primavera
takes;acepta
drawn;dibujado
soldiers;soldados
houses;casas
beneath;bajo
talking;hablando
turning;torneado
century;siglo
steps;pasos
intended;destinado a
soft;suave
straight;derecho
matters;asuntos
likely;probable
corner;esquina
trademark;marca comercial
justice;justicia
simply;simplemente
produce;Produce
trust;confianza
appears;aparece
Rome;Roma
laugh;re¡r
forget;olvidar
Europe;Europa
passage;paso
eight;ocho
closed;cerrado
ourselves;Nosotros mismos
gives;da
dress;vestido
passing;paso
terrible;terrible
required;requerido
medium;medio
efforts;esfuerzos
sake;motivo
breath;aliento
wise;sabio
ladies;se¤oras
possession;posesi¢n
pleasant;agradable
perfectly;perfectamente
o';O'
memory;memoria
usually;por lo general
grave;tumba
fixed;reparado
modern;moderno
spot;lugar
troops;tropas
rise;aumento
break;descanso
fifty;cincuenta
island;isla
meeting;reuni¢n
camp;acampar
nation;naci¢n
existence;existencia
reply;respuesta
I'd;Identificaci¢n
copies;copias
sky;cielo
touch;tocar
equal;igual
fortune;fortuna
v.;v.
shore;orilla
domain;dominio
named;llamado
situation;situaci¢n
looks;aspecto
promise;promesa
orders;pedidos
degree;la licenciatura
middle;medio
winter;invierno
plan;plan
spent;gastado
allow;permitir
pale;p lido
conduct;conducta
running;corriendo
religious;religioso
surprise;sorpresa
minute;minuto
roman;romano
cases;casos
shot;Disparo
lead;Plomo
move;moverse
names;nombres
Word;Palabra
stop;detener
higher;m s alto
et;et
father's;El padre de
threw;lanzar
worse;peor
built;construido
spoken;hablado
glass;vidrio
board;Junta
vain;vano
affairs;asuntos
instance;ejemplo
safe;a salvo
loss;p‚rdida
doctor;doctor
offer;oferta
class;clase
complete;completo
access;acceso
lower;m s bajo
wouldn't;no lo har¡a
repeated;repetido
forms;formas
darkness;oscuridad
military;militar
warm;c lido
drink;bebida
passion;pasi¢n
ones;unos
physical;f¡sico
example;ejemplo
ears;orejas
questions;preguntas
start;comienzo
lying;mintiendo
smiled;Smiled
keeping;acuerdo
spite;despecho
shown;mostrado
directly;directamente
james;James
hart;ciervo
serious;grave
hat;sombrero
dog;perro
silver;plata
sufficient;suficiente
main;principal
mentioned;mencionado
servant;servidor
pride;orgullo
crowd;multitud
train;tren
wonderful;maravilloso
moral;moral
instant;instante
associated;asociado
path;camino
greek;griego
meaning;sentido
fit;encajar
ordered;ordenado
lot;lote
he's;‚l es
proved;demostrado
obliged;obligado
enter;ingresar
rule;regla
sword;espada
attack;ataque
seat;asiento
game;juego
health;salud
paragraph;p rrafo
statement;declaraci¢n
social;social
refund;reembolso
sorry;perd¢n
courage;coraje
members;miembros
grace;gracia
official;oficial
dream;sue¤o
worthy;valioso
rock;Roca
jack;Jacobo
provided;previsto
special;especial
shook;sacudi¢
request;petici¢n
mighty;poderoso
glance;mirada
heads;cabezas
movement;movimiento
fee;tarifa
share;Cuota
expect;suponer
couldn't;no pod¡a
dollars;d¢lares
spread;propagar
opposite;opuesto
glory;gloria
twelve;doce
space;espacio
engaged;comprometido
peter;peter
wine;vino
ordinary;ordinario
mountains;monta¤as
taste;sabor
iron;planchar
isn't;no es
distribute;distribuir
trade;comercio
consider;considerar
greatly;muy
accepted;aceptado
forced;forzado
advantage;ventaja
ideas;Ideas
decided;decidido
using;usando
officer;oficial
rate;Velocidad
clothes;ropa
sign;signo
feelings;sentimientos
native;nativo
promised;prometido
judge;juez
difference;diferencia
working;trabajando
anxious;ansioso
marry;casar
captain;capit n
finished;finalizado
extent;grado
watched;Visto
curious;curioso
foreign;extranjero
besides;adem s
method;m‚todo
excellent;excelente
confidence;confianza
marked;marcado
'em;em
jesus;Jes£s
exactly;exactamente
importance;importancia
finally;finalmente
bill;cuenta
vast;vasto
prove;probar
fancy;elegante
quick;r pido
yes;s¡
sought;buscado
prevent;evitar
neck;cuello
hearts;corazones
liberty;libertad
interesting;interesante
sides;lados
legal;legal
gentlemen;caballeros
dry;seco
serve;atender
aside;aparte
pure;puro
concerning;sobre
forgotten;olvidado
lose;perder
powers;potestades
possessed;pose¡do
thrown;lanzado
evidence;evidencia
distant;distante
Michael;Miguel
progress;Progreso
similar;similar
narrow;estrecho
altogether;en total
building;edificio
page;p gina
particularly;particularmente
knowing;conocimiento
weeks;semanas
settled;establecido
holding;tenencia
mountain;monta¤a
search;buscar
sad;triste
sin;pecado
lies;mentiras
proud;orgulloso
pieces;piezas
clearly;claramente
price;precio
ships;buques
thirty;treinta
sick;enfermo
honest;honesto
shut;cerrar
talked;habl¢
bank;Banco
fate;destino
dropped;abandon¢
judgment;juicio
conditions;condiciones
king's;rey de
accept;aceptar
hills;sierras
removed;remoto
forest;bosque
measure;la medida
species;especies
seek;buscar
highest;m s alto
otherwise;de lo contrario
stream;Arroyo
honor;honor
carefully;con cuidado
obtained;adquirido
ear;o¡do
bread;pan
bottom;fondo
additional;adicional
presented;presentado
aid;ayuda
fingers;dedos
q;q
remembered;recordado
choose;escoger
agreed;acordado
animal;animal
events;eventos
there's;hay
fully;completamente
delight;deleite
rights;derechos
amount;Monto
obtain;obtener
tax;impuesto
servants;servicio
sons;hijos
cross;cruzar
shoulders;espalda
thick;grueso
points;puntos
stranger;extra¤o
woods;bosque
facts;hechos
dare;atrevimiento
grow;crecer
creature;criatura
hung;colgado
rain;lluvia
false;FALSO
tall;alto
gate;port¢n
nations;naciones
created;creado
refused;rechazado
quietly;en silencio
surface;superficie
freely;libremente
holy;santo
streets;calles
blow;soplar
july;julio
regarded;considerado
fashion;Moda
report;reporte
coast;costa
daily;diario
file;expediente
shoulder;hombro
surprised;sorprendido
faces;caras
succeeded;tenido ‚xito
birds;aves
distribution;distribuci¢n
royal;real
song;canci¢n
wealth;poder
comfort;comodidad
failed;fallido
freedom;libertad
peculiar;peculiar
anyone;alguien
advance;avance
gentle;amable
surely;seguramente
animals;animales
waited;esperado
secure;seguro
desired;deseado
grass;c‚sped
touched;tocado
occupied;ocupado
draw;dibujar
stage;etapa
portion;parte
expressed;expresado
opening;apertura
june;junio
spirits;esp¡ritu
fish;pez
tongue;lengua
capital;capital
angry;enfadado
growing;creciente
served;servido
carriage;carro
weather;tiempo
breast;pecho
presently;ahora
snow;nieve
David;David
papers;documentos
necessity;necesidad
practice;pr ctica
claim;afirmar
hast;has
education;educaci¢n
sharp;afilado
prince;Pr¡ncipe
permitted;permitido
group;grupo
enemies;enemigos
robert;Robert
played;jug¢
throughout;a lo largo de
pity;pena
expense;gastos
yours;tuya
million;mill¢n
add;agregar
pray;rezar
taught;ense¤¢
explained;explicado
tired;cansado
leading;principal
kill;matar
shadow;sombra
companion;compa¤ero
weight;peso
mass;masa
established;establecido
suffered;sufrido
gray;gris
brave;valiente
thin;Delgado
satisfied;satisfecho
check;controlar
virtue;virtud
golden;dorado
numerous;numeroso
frequently;frecuentemente
famous;famoso
telling;narraci¢n
powerful;poderoso
alive;viva
waters;aguas
national;nacional
weak;d‚bil
divine;adivinar
material;material
principal;principal
gathered;reunido
suggested;sugiri¢
frank;franco
valley;Valle
guess;adivinar
finding;hallazgo
yellow;amarillo
heat;calor
remains;permanece
bent;doblado
seized;apoderado
guard;Guardia
equally;Igualmente
naturally;naturalmente
box;caja
remarkable;Notable
gods;Dioses
moon;Luna
slight;leve
style;estilo
pointed;puntiagudo
saved;salvado
windows;ventanas
crossed;cruzado
louis;Louis
pounds;libras
ain't;no es
evidently;evidentemente
principle;principio
immediate;inmediato
willing;dispuesto
consequence;consecuencia
richard;Ricardo
principles;principios
characters;caracteres
paul;Paul
season;temporada
remarked;coment¢
science;Ciencias
tender;tierno
worked;trabaj¢
grown;crecido
whispered;susurrada
interested;interesado
quarter;cuarto
midst;medio
liked;apreciado
advanced;avanzado
apparently;aparentemente
bore;aburrir
pwh;PCH
active;activo
noticed;notada
aware;consciente
thomas;Thomas
uncle;t¡o
list;lista
dangerous;peligroso
august;agosto
calm;calma
genius;genio
sacred;sagrado
kingdom;Reino
entire;completo
popular;popular
unknown;desconocido
nice;bonito
habit;h bito
spanish;Espa¤ol
familiar;familiar
reader;lector
published;publicado
direct;directo
handsome;guapo
you'll;Vas
joined;Unido
actually;Realmente
kings;reyes
sd;Dakota del Sur
posted;al corriente
approach;Acercarse
Washington;Washington
hearing;audiencia
needed;necesario
increased;aumentado
walking;caminando
twice;dos veces
throw;lanzar
intellectual;intelectual
appointed;fijado
wisdom;sabidur¡a
ceased;cesado
truly;verdaderamente
numbers;n£meros
demanded;exigido
priest;sacerdote
wounded;herido
sorrow;tristeza
drive;manejar
fault;culpa
listened;escuchado
palace;palacio
affair;amor¡o
contact;contacto
distinguished;distinguido
station;estaci¢n
beat;derrotar
distributed;repartido
e;mi
listen;escucha
Italy;Italia
fool;tonto
becomes;se convierte
watching;mirando
hurt;lastimar
wants;quiere
express;R pido
occurred;ocurri¢
favour;favor
height;altura
size;Talla
edge;borde
subjects;asignaturas
task;tarea
follows;siguiente
interests;intereses
nine;nueve
sympathy;simpat¡a
burst;r faga
putting;poniendo
dressed;vestido
lifted;levantado
hopes;esperanzas
suffer;sufrir
noise;ruido
smiling;sonriente
rode;mont¢
tells;dice
minds;mentes
farther;m s lejos
literature;literatura
vessel;embarcaci¢n
affection;afecto
suffering;sufrimiento
proceeded;procedido
flesh;carne
advice;Consejo
grand;grandioso
carrying;que lleva
legs;piernas
Spain;Espa¤a
post;correo
collection;colecci¢n
empty;vac¡o
rank;rango
storm;tormenta
god's;Dioses
imagine;imagina
wore;visti¢
duties;deberes
admitted;aceptado
countries;los paises
pocket;bolsillo
arrival;llegada
imagination;imaginaci¢n
driven;impulsado
loud;fuerte
sentence;frase
lovely;precioso
extraordinary;extraordinario
November;noviembre
December;diciembre
happen;ocurrir
absence;ausencia
breakfast;desayuno
population;poblaci¢n
thank;agradecer
rules;normas
inhabitants;habitantes
series;serie
laughing;risa
address;direcci¢n
relief;alivio
bird;p jaro
owner;due¤o
impression;impresi¢n
satisfaction;satisfacci¢n
coat;Saco
prepare;preparar
relations;relaciones
shape;forma
birth;nacimiento
rapidly;r pidamente
smoke;fumar
January;enero
mother+'s;s madre + '
machine;m quina
content;contenido
consideration;consideraci¢n
accompanied;acompa¤ado
regular;regular
moving;Moviente
stands;se levanta
wholly;totalmente
teeth;diente
busy;ocupado
treated;tratada
burning;incendio
shame;l stima
quality;calidad
bay;Bah¡a
discover;descubrir
inside;dentro
brain;cerebro
soil;tierra
completely;completamente
message;mensaje
ring;anillo
resolved;resuelto
calling;vocaci¢n
phrase;frase
acts;hechos
mention;mencionar
square;cuadrado
pair;par
won;ganado
title;t¡tulo
understanding;comprensi¢n
Sunday;domingo
fruit;Fruta
mad;enojado
forces;efectivo
included;incluido
tea;t‚
rocks;rocas
nearer;m s cerca
slaves;esclavos
falling;descendente
absolutely;absolutamente
slow;lento
bearing;soporte
mercy;misericordia
larger;mayor
explain;explique
contain;Contiene
grief;dolor
soldier;soldado
wasn't;no era
countenance;rostro
previous;anterior
explanation;explicaci¢n
welcome;bienvenida
proposed;propuesto
prayer;oraci¢n
stars;estrellas
Germany;Alemania
belief;creencia
informed;informado
moments;momentos
poetry;poes¡a
constant;constante
buy;comprar
final;final
faithful;fiel
ride;cabalgata
policy;pol¡tica
supper;cena
drawing;dibujo
excitement;emoci¢n
dying;moribundo
demand;demanda
fighting;lucha
fields;campos
drove;condujo
upper;Superior
sum;suma
Philip;Philip
motion;movimiento
assistance;asistencia
forty;cuarenta
April;abril
stones;piedras
Edward;Eduardo
fees;Tarifa
kindly;amable
dignity;dignidad
catch;captura
October;octubre
seated;sentado
knees;rodillas
amongst;entre
current;Actual
sending;enviando
parties;fiestas
objects;objetos
gained;ganado
bitter;amargo
possibly;posiblemente
slave;esclavo
separate;separar
loose;suelto
text;texto
receiving;recepci¢n
worst;peor
sold;vendido
don;don
credit;cr‚dito
chosen;elegido
hoped;esperado
printed;impreso
terror;terror
features;caracteristicas
fond;aficionado
control;control
capable;capaz
fifteen;quince
doesn't;no hace
firm;firma
superior;superior
cruel;cruel
spiritual;espiritual
Harry;Harry
splendid;espl‚ndido
proof;prueba
pressed;presionado
sooner;cuanto antes
join;unirse
process;proceso
crime;crimen
dust;polvo
instantly;instant neamente
lands;tierras
relation;relaci¢n
doors;puertas
concerned;preocupado
deeply;profundamente
practical;pr ctico
colour;color
sing;canta
destroy;destruir
anger;enojo
distributing;distribuido
results;resultados
increase;incrementar
reasons;razones
nose;nariz
friendly;amistoso
entrance;Entrada
rooms;habitaciones
admit;admitir
supply;suministro
clean;limpio
useful;£til
yesterday;ayer
delicate;delicado
fail;fallar
continue;Seguir
remove;retirar
addressed;dirigido
choice;elecci¢n
huge;enorme
needs;necesidades
wear;vestir
blind;ciego
unable;incapaz
cover;cubrir
double;doble
victory;victoria
dozen;docena
constantly;constantemente
level;nivel
India;India
release;liberaci¢n
rough; spero
ended;terminado
shows;espect culos
fly;mosca
praise;felicitar
devil;demonio
ahead;adelante
smith;Herrero
connected;conectado
degrees;grados
gain;ganar
addition;adici¢n
committed;comprometido
chamber;c mara
notes;notas
Italian;italiano
gradually;gradualmente
acquaintance;conocido
bought;compr¢
souls;almas
mission;misi¢n
sacrifice;sacrificio
cities;ciudades
mistake;Error
exercise;ejercicio
conscience;conciencia
based;basado
car;auto
buried;enterrado
theory;teor¡a
commanded;comandada
nobody;nadie
minister;ministro
closely;cercanamente
energy;energ¡a
dick;polla
bare;desnudo
fought;luchado
partly;parcialmente
mistress;amante
hate;odio
arose;surgi¢
playing;jugando
color;color
lake;lago
safety;la seguridad
provisions;provisiones
description;descripci¢n
asleep;dormido
centre;centrar
faint;desmayarse
thinks;piensa
parents;padres
escaped;escapado
careful;Cuidado
enjoy;disfrutar
drop;soltar
brilliant;brillante
brief;breve
bringing;trayendo
worship;Adoraci¢n
goods;bienes
tale;cuento
skin;piel
roof;techo
grey;gris
highly;altamente
crown;corona
castle;castillo
excited;emocionado
throne;trono
stated;fijado
despair;desesperaci¢n
ease;facilidad
attached;adjunto
total;total
kindness;amabilidad
mile;milla
citizens;los ciudadanos
circle;circulo
dull;aburrido
extreme;extremo
clouds;nubes
figures;cifras
intention;intenci¢n
prison;prisi¢n
term;t‚rmino
assured;seguro
hidden;oculto
thoroughly;minuciosamente
cup;taza
member;miembro
civil;civil
apply;aplicar
labor;labor
everywhere;En todas partes
intelligence;inteligencia
strike;Huelga
fairly;equitativamente
comply;cumplir
fellows;becarios
haven't;no tiene
event;evento
gently;suavemente
connection;conexi¢n
protection;proteccion
conscious;consciente
edition;edici¢n
directed;Dirigido
pulled;tirado
flight;vuelo
evident;evidente
surrounded;rodeado
wishes;deseos
yards;yardas
voices;voces
weary;cansado
couple;Pareja
variety;variedad
whilst;mientras que
volume;volumen
details;detalles
older;mayor
requirements;requisitos
custom;personalizado
apart;aparte
bow;inclinarse
awful;horrible
everybody;todos
labour;labor
asking;preguntando
lover;amante
showing;demostraci¢n
introduced;introducido
suit;traje
becoming;convirti‚ndose
composed;compuesto
plans;planes
rendered;rendido
pictures;fotos
lest;para que no
volunteers;voluntarios
singing;cantando
eager;entusiasta
precious;precioso
paused;en pausa
require;exigir
meat;carne
whenever;cuando sea
milk;Leche
dogs;perros
successful;exitoso
plants;plantas
vision;visi¢n
rare;raro
granted;otorgado
raise;aumentar
Egypt;Egipto
manners;modales
cousin;prima
you've;tienes
development;desarrollo
Arthur;Arturo
obs;obs
cool;frio
trial;juicio
learning;aprendiendo
approached;acercado
bridge;puente
abroad;extranjero
devoted;devoto
paying;pago
literary;literario
writer;escritor
fn;fn
Israel;Israel
disappeared;desaparecido
interrupted;interrumpida
stock;Valores
readers;lectores
dreadful;terrible
female;mujer
protect;proteger
accustomed;acostumbrado
Virginia;Virginia
type;escribe
recognized;Reconocido
salt;sal
destroyed;destruido
signs;se¤ales
innocent;inocente
temper;templar
plenty;mucho
pope;papa
avoid;evitar
hurried;apresurado
represented;representado
favor;favor
mental;mental
attitude;actitud
returning;regresar
admiration;admiraci¢n
brothers;hermanos
anxiety;ansiedad
queen;reina
teach;ense¤ar
count;contar
curiosity;curiosidad
solemn;solemne
causes;causas
vessels;vasos
compelled;obligado
dance;baile
hotel;hotel
wicked;malvado
fled;huido
kissed;besadas
guns;armas de fuego
fill;llenar
visible;visible
younger;m s joven
guide;gu¡a
earnest;serio
actual;real
companions;compa¤eros
prisoner;prisionero
miserable;miserable
lad;muchacho
harm;da¤ar
views;puntos de vista
Irish;irlandesa
utterly;absolutamente
ends;extremos
shop;tienda
stairs;escalera
pardon;perd¢n
gay;homosexual
beg;mendigar
seldom;raramente
kinds;tipos
record;registro
fat;gordo
sand;arena
violent;violento
branches;sucursales
inquired;investigado
IV;IV
September;septiembre
worn;desgastado
Ireland;Irlanda
flat;Departamento
departure;salida
delivered;entregado
gift;regalo
ruin;ruina
skill;habilidad
cattle;ganado
